title,price,link
HOKA,$148.00,https://www.amazon.com/Hoka-Bondi-Sneaker-Black-White/dp/B0D5G1XKJN/ref=sr_1_1_mod_primary_new?dib=eyJ2IjoiMSJ9.rhtjGPBfAfbnTfQzuXjMwEQWUdHchhqbwkiIOaWOPN7F-tnVqW5TFnF-VIH9sRHOfqF0VMguHmPjywRH7LLXygF56CVCaIZa2sFWvf-mcb_1d64ogexJl7l60oYS8Mp75utCv2kJ2gOvsrxK4Q95K_JYMYOOBqbGz2OsImLw5keT6aeXGXRbCVXNdBmkqnvDFoxIt8p1Pho01mRHaH73zKnjnxnTDtkbUkdMh_ltgu6Y0-hXNJ-AkteVeQmcg0uiqElScrCu1pNMTHa2jcw1PttYbAtNYI3vKa2rqq5qVIE.Xpifr70jGyqNXkMBGOadZ3IdK2A7bM063Hh5_bpBZd4&dib_tag=se&keywords=Hoka+shoes&qid=1781561574&sbo=RZvfv%2F%2FHxDF%2BO5021pAnSA%3D%3D&sr=8-1
KKB Oil-Safe Grip,$65.99,https://www.amazon.comjavascript:void(0)
ALLSWIFIT,$56.94,https://www.amazon.comjavascript:void(0)
ALLSWIFIT,$56.69,https://www.amazon.comjavascript:void(0)
HOKA,$123.95,https://www.amazon.com/Hoka-Mens-Clifton-Sneaker-Black/dp/B0D5G6YCJ5/ref=sr_1_5?dib=eyJ2IjoiMSJ9.rhtjGPBfAfbnTfQzuXjMwEQWUdHchhqbwkiIOaWOPN7F-tnVqW5TFnF-VIH9sRHOfqF0VMguHmPjywRH7LLXygF56CVCaIZa2sFWvf-mcb_1d64ogexJl7l60oYS8Mp75utCv2kJ2gOvsrxK4Q95K_JYMYOOBqbGz2OsImLw5keT6aeXGXRbCVXNdBmkqnvDFoxIt8p1Pho01mRHaH73zKnjnxnTDtkbUkdMh_ltgu6Y0-hXNJ-AkteVeQmcg0uiqElScrCu1pNMTHa2jcw1PttYbAtNYI3vKa2rqq5qVIE.Xpifr70jGyqNXkMBGOadZ3IdK2A7bM063Hh5_bpBZd4&dib_tag=se&keywords=Hoka+shoes&qid=1781561574&sr=8-5
HOKA,$159.00,https://www.amazon.com/Womens-Bondi-Sneaker-Black-White/dp/B0D5FVJ1M3/ref=sr_1_6?dib=eyJ2IjoiMSJ9.rhtjGPBfAfbnTfQzuXjMwEQWUdHchhqbwkiIOaWOPN7F-tnVqW5TFnF-VIH9sRHOfqF0VMguHmPjywRH7LLXygF56CVCaIZa2sFWvf-mcb_1d64ogexJl7l60oYS8Mp75utCv2kJ2gOvsrxK4Q95K_JYMYOOBqbGz2OsImLw5keT6aeXGXRbCVXNdBmkqnvDFoxIt8p1Pho01mRHaH73zKnjnxnTDtkbUkdMh_ltgu6Y0-hXNJ-AkteVeQmcg0uiqElScrCu1pNMTHa2jcw1PttYbAtNYI3vKa2rqq5qVIE.Xpifr70jGyqNXkMBGOadZ3IdK2A7bM063Hh5_bpBZd4&dib_tag=se&keywords=Hoka+shoes&qid=1781561574&sr=8-6
HOKA,$173.15,https://www.amazon.com/Hoka-Mens-Bondi-Sneaker-Black/dp/B0D5G8C6H6/ref=sr_1_7?dib=eyJ2IjoiMSJ9.rhtjGPBfAfbnTfQzuXjMwEQWUdHchhqbwkiIOaWOPN7F-tnVqW5TFnF-VIH9sRHOfqF0VMguHmPjywRH7LLXygF56CVCaIZa2sFWvf-mcb_1d64ogexJl7l60oYS8Mp75utCv2kJ2gOvsrxK4Q95K_JYMYOOBqbGz2OsImLw5keT6aeXGXRbCVXNdBmkqnvDFoxIt8p1Pho01mRHaH73zKnjnxnTDtkbUkdMh_ltgu6Y0-hXNJ-AkteVeQmcg0uiqElScrCu1pNMTHa2jcw1PttYbAtNYI3vKa2rqq5qVIE.Xpifr70jGyqNXkMBGOadZ3IdK2A7bM063Hh5_bpBZd4&dib_tag=se&keywords=Hoka+shoes&qid=1781561574&sr=8-7
HOKA,$153.00,https://www.amazon.com/Hoka-Womens-Clifton-Sneaker-Birch/dp/B0D5FVZ91T/ref=sr_1_8?dib=eyJ2IjoiMSJ9.rhtjGPBfAfbnTfQzuXjMwEQWUdHchhqbwkiIOaWOPN7F-tnVqW5TFnF-VIH9sRHOfqF0VMguHmPjywRH7LLXygF56CVCaIZa2sFWvf-mcb_1d64ogexJl7l60oYS8Mp75utCv2kJ2gOvsrxK4Q95K_JYMYOOBqbGz2OsImLw5keT6aeXGXRbCVXNdBmkqnvDFoxIt8p1Pho01mRHaH73zKnjnxnTDtkbUkdMh_ltgu6Y0-hXNJ-AkteVeQmcg0uiqElScrCu1pNMTHa2jcw1PttYbAtNYI3vKa2rqq5qVIE.Xpifr70jGyqNXkMBGOadZ3IdK2A7bM063Hh5_bpBZd4&dib_tag=se&keywords=Hoka+shoes&qid=1781561574&sr=8-8
HOKA,$107.47,https://www.amazon.com/Hoka-Rincon-Sneaker-Black-White/dp/B0CP2WF3CB/ref=sr_1_9?dib=eyJ2IjoiMSJ9.rhtjGPBfAfbnTfQzuXjMwEQWUdHchhqbwkiIOaWOPN7F-tnVqW5TFnF-VIH9sRHOfqF0VMguHmPjywRH7LLXygF56CVCaIZa2sFWvf-mcb_1d64ogexJl7l60oYS8Mp75utCv2kJ2gOvsrxK4Q95K_JYMYOOBqbGz2OsImLw5keT6aeXGXRbCVXNdBmkqnvDFoxIt8p1Pho01mRHaH73zKnjnxnTDtkbUkdMh_ltgu6Y0-hXNJ-AkteVeQmcg0uiqElScrCu1pNMTHa2jcw1PttYbAtNYI3vKa2rqq5qVIE.Xpifr70jGyqNXkMBGOadZ3IdK2A7bM063Hh5_bpBZd4&dib_tag=se&keywords=Hoka+shoes&qid=1781561574&sr=8-9
HOKA,$167.00,https://www.amazon.com/Hoka-Womens-Bondi-Sneaker-Black/dp/B0D5GGYM1Y/ref=sr_1_10?dib=eyJ2IjoiMSJ9.rhtjGPBfAfbnTfQzuXjMwEQWUdHchhqbwkiIOaWOPN7F-tnVqW5TFnF-VIH9sRHOfqF0VMguHmPjywRH7LLXygF56CVCaIZa2sFWvf-mcb_1d64ogexJl7l60oYS8Mp75utCv2kJ2gOvsrxK4Q95K_JYMYOOBqbGz2OsImLw5keT6aeXGXRbCVXNdBmkqnvDFoxIt8p1Pho01mRHaH73zKnjnxnTDtkbUkdMh_ltgu6Y0-hXNJ-AkteVeQmcg0uiqElScrCu1pNMTHa2jcw1PttYbAtNYI3vKa2rqq5qVIE.Xpifr70jGyqNXkMBGOadZ3IdK2A7bM063Hh5_bpBZd4&dib_tag=se&keywords=Hoka+shoes&qid=1781561574&sr=8-10
